Occupation,Current Status,Industry Sector,Bulletin
Accounting Technician (CBOF update),Published,Professional Services,Bulletin 2025-94
Additive Manufacturing Maintenance Technicians (CBOF update),Approved by OA,Advanced Manufacturing,Bulletin 2025-151
Aerospace engineering technicians,Approved by OA,Advanced Manufacturing,Bulletin 2025-149
Appraisers and assessors of real estate,Published,Finance and Insurance,Bulletin 2024-65
Apprenticeship Training Representative (ATR),Approved by OA,Public Sector,Bulletin 2025-133
Automotive Service Technician ,Approved by OA,Energy and Climate,Bulletin 2025-127
Blockchain Engineers,Submitted to OA,Information Technology,
Calibration Technologists & Technicians,Published,Advanced Manufacturing,Bulletin 2025-58
Cargo and freight agents,Published,Supply Chain ,Bulletin 2025-41
Civil engineering technicians,Published,Professional Services,Bulletin 2025-68
CNC Set-Up Programmer-Milling and Turning (CBOF update),Approved by OA,Advanced Manufacturing,Bulletin 2025-150
Community Health Worker (CBOF update),Published,Health Care,Bulletin 2025-25
Compliance officer (EEO specialist),Published,Professional Services,Bulletin 2024-116
Compliance Officer (Environmental Compliance Officer),Published,Professional Services,Bulletin 2025-15
Computer network architects,Published,Information Technology,Bulletin 2025-61
Computer systems analysts,Published,Information Technology,Bulletin 2025-54
Corrections officers,Published,Public Sector,Bulletin 2023-104
Credit Analyst,Published,Finance and Insurance,Bulletin 2025-11
Cybersecurity analysts,Published,Information Technology,Bulletin 2025-102
Data Analyst (CBOF update),Published,Information Technology,Bulletin 2025-62
Database Administrator (CBOF update),Approved by OA,Information Technology,Bulletin 2025-124
Database architects,Published,Information Technology,Bulletin 2025-88
DevOps Engineer (CBOF update),Published,Information Technology,Bulletin 2025-82
Diagnostic medical sonographers,Published,Health Care,Bulletin 2025-81
Digital Accessibility Technicians,Published,Information Technology,Bulletin 2024-67
Education Paraprofessionals (Teaching Assistants),Published,Education ,Bulletin 2024-82
Electrical and Electronic Engineering Technologists and Technicians,Published,Advanced Manufacturing,Bulletin 2024-138
Electrical and Electronic Equipment Assemblers,Published,Energy and Climate,Bulletin 2024-145
Electrical and Electronics Installer ,Submitted to OA,Energy and Climate,
EMT/ Paramedic (CBOF update),Published,Health Care,Bulletin 2025-98
Farm equipment mechanics and technicians,Published,Advanced Manufacturing,Bulletin 2024-123
Forest fire inspectors and prevention specialists             ,Published,Energy and Climate,Bulletin 2024-19
Graphic designer,Published,Professional Services,Bulletin 2024- 134
Ground Heat Exchanger Installer,Approved by OA,Energy and Climate,Bulletin 2025-146
Hazardous Materials Technician,Submitted to OA,Energy and Climate,
Health information technologists,Approved by OA,Health Care,Bulletin 2025-148
Histology Technicians,Approved by OA,Health Care,Bulletin 2025-147
Human resources generalists,Published,Professional Services,Bulletin 2023-105
Human resources specialist (training and development),Published,Professional Services,Bulletin 2024-143
Industrial Maintenance Mechanics (CBOF update),Approved by OA,Advanced Manufacturing,Bulletin 2025-152
Industrial Manufacturing Techs (CBOF update),Approved by OA,Advanced Manufacturing,Bulletin 2025-153
Infection preventionists,Published,Health Care,Bulletin 2024-13
Insurance Sales Agents,Published,Finance and Insurance,Bulletin 2024-38
Interpreters and translators,Published,Professional Services,Bulletin 2023-47
Invasive Cardiovascular Technologist,Published,Health Care,Bulletin 2025-14
IT Generalist (Computer User Support Specialist) (CBOF update),Published,Information Technology,Bulletin 2025-63
IT Project Managers,Approved by OA,Information Technology,Bulletin 2025-123
Jr. Cloud Engineer,Published,Information Technology,Bulletin 2023-50
Loan officer ,Published,Finance and Insurance,Bulletin 2024-77
Mechanical engineering technicians ,Published,Advanced Manufacturing,Bulletin 2024-120
"Mechatronics Tech/Engineer (Basic, fitter-focus) (CBOF update)",Submitted to OA,Advanced Manufacturing,
"Mechatronics Tech/Engineer (Intermediate, installer-focus) (CBOF update)",Approved by OA,Advanced Manufacturing,Bulletin 2025-117
Medical and clinical laboratory technicians,Published,Health Care,Bulletin 2025-28
Medical appliance technicians (O&P),Approved by OA,Advanced Manufacturing,Bulletin 2025-129
Medical Secretaries,Published,Health Care,Bulletin 2023-99
MRI technologists,Published,Health Care,Bulletin 2025-90
Network and computer systems administrators,Published,Information Technology,Bulletin 2025-95
Neurodiagnostic Technologists,Approved by OA,Health Care,Bulletin 2025-154
Occupational health and safety technicians,Published,Professional Services,Bulletin 2023-107
Occupational Therapy Assistants,Published,Health Care,Bulletin 2024-81
Ophthalmic Medical Technologists,Approved by OA,Health Care,Bulletin 2025-131
Paralegal/legal assistants,Published,Professional Services,Bulletin 2023-11
Patient Representatives,Approved by OA,Health Care,Bulletin 2025-135
Penetration Tester,Published,Information Technology,Bulletin 2024-91
Physical therapist assistants,Published,Health Care,Bulletin 2024-42
Police Officers,Approved by OA,Public Sector,Bulletin 2025-118
"Production, planning, and expediting clerk ",Published,Supply Chain ,Bulletin 2024-61
Psychiatric technicians,Published,Health Care,Bulletin 2023-98
Radiologic Technologist,xIn Progress,Health Care,
Registered nurses,Published,Health Care,Bulletin 2025-74
Respiratory therapists,xIn Progress,Health Care,
Semiconductor processing technicians,Published,Advanced Manufacturing,Bulletin 2025-43
Social service assistants,Published,Health Care,Bulletin 2025-46
Software Developers (AI) (CBOF update),Approved by OA,Information Technology,Bulletin 2025-122
Software QA analysts and testers,Published,Information Technology,Bulletin 2024-44
"Substance abuse, behavioral disorder, and mental health counselors",Published,Health Care,Bulletin 2023-106
Supply technicians,Published,Supply Chain ,Bulletin 2023-48
Sustainability Specialists,Published,Energy and Climate,Bulletin 2025-22
Teachers (Elementary School),Published,Education ,Bulletin 2024-83
Technical Writer,Published,Professional Services,Bulletin 2024-98
UX Designer (CBOF update),Published,Information Technology,Bulletin 2025-77
Warehouse technicians,Published,Supply Chain ,Bulletin 2024-37
Web and Digital Interface Designer (CBOF update) (SPR),Published,Information Technology,Bulletin 2025-80
"Welders, combination",Published,Advanced Manufacturing,Bulletin 2023-101
